{
 "Storage Path": "/storage/emulated/0/",
 "Master Project": {
  "Path": "AndroidJava/Projects/HelloWorld_Advanced/",
  "Name": "HelloWorld_Advanced",
  "Android Java Projects": [
   {
    "Path": "HelloWorld/",
    "Name": "HelloWorld",
    "Mastered Android Java Project Path": "project/mastered/",
    "Main Android Java Project": {
     "Path": "project/main/",
     "Java Code Path": "java/",
     "Resource Path": "resource/",
     "SDK Directory Paths": {
      "AAPT SDK Directory Path": "sdk/compiler/",
      "EJT SDK Directory Path": "sdk/compiler/"
      },
     "Asset Path": "asset/",
     "Configuration Path": "config/",
     "Libraries": {
      "Dex Library Path": "dex/",
      "Implemented Library Path": "library/",
      "Paths of Global Configurations of Library Projects": [
       ]
      },
     "Output Path": "output/",
     "Generated R File Path": "output/java/"
     }
    }
   ]
  }
 }